author,first_year,last_year,active_span_years,paper_count
 Y. Zhang,2007,2025,18,3146
 Yang Liu,2007,2025,18,2440
 Y. Wang,2007,2025,18,2257
 J. Wang,2007,2025,18,2235
 Z. Wang,2007,2025,18,2037
 Y. Li,2007,2025,18,2006
 Wei Wang,2007,2025,18,2003
 Takashi Taniguchi,2007,2025,18,1862
 Lei Zhang,2007,2025,18,1818
 Y. Liu,2007,2025,18,1765
 Y. Gao,2007,2025,18,1687
 X. Liu,2007,2025,18,1684
 Wei Zhang,2007,2025,18,1620
 C. Li,2007,2025,18,1579
 J. Zhang,2007,2025,18,1513
 Z. Xu,2007,2025,18,1497
 L. Zhang,2007,2025,18,1494
 Yu Zhang,2007,2025,18,1491
 L. Sun,2007,2025,18,1462
 Xin Wang,2007,2025,18,1409
 Wei Chen,2007,2025,18,1401
 H. Liang,2007,2025,18,1361
 Lei Li,2007,2025,18,1338
 M. Wang,2007,2025,18,1327
 Z. Yang,2007,2025,18,1326
 G. Wilkinson,2007,2025,18,1290
 Feng Liu,2007,2025,18,1276
 X. Wang,2007,2025,18,1259
 Wei Li,2007,2025,18,1247
 Wei Liu,2007,2025,18,1234
 Yang Li,2007,2025,18,1230
 S. Zhang,2007,2025,18,1227
 Hao Wang,2007,2025,18,1225
 Yang Zhang,2007,2025,18,1217
 P. Krokovny,2007,2025,18,1200
 Yi Wang,2007,2025,18,1198
 X. Li,2007,2025,18,1184
 Y. Yang,2007,2025,18,1171
 Bo Li,2007,2025,18,1165
 M. Smith,2007,2025,18,1138
 Z. Y. Zhang,2007,2025,18,1133
 Jian Wang,2007,2025,18,1113
 Xi Chen,2007,2025,18,1112
 X. Zhou,2007,2025,18,1111
 Hao Chen,2007,2025,18,1109
 Hui Li,2007,2025,18,1099
 Lei Wang,2007,2025,18,1092
 Jun Zhang,2007,2025,18,1092
 Xiang Li,2007,2025,18,1088
 Xin Li,2007,2025,18,1081
 Yi Zhang,2007,2025,18,1067
 Jun Wang,2007,2025,18,1056
 C. Chen,2007,2025,18,1037
 H. Liu,2007,2025,18,1035
 W. Wang,2007,2025,18,1032
 B. Wang,2007,2025,18,1025
 T. Li,2007,2025,18,1024
 Yu Wang,2007,2025,18,1022
 K. Liu,2007,2025,18,1017
 C. Z. Yuan,2007,2025,18,1006
 Yan Zhang,2007,2025,18,1000
 E. Smith,2007,2025,18,984
 H. Li,2007,2025,18,968
 M. Patel,2007,2025,18,953
 Fan Yang,2007,2025,18,944
 Yang Yang,2007,2025,18,944
 B. Schmidt,2007,2025,18,938
 Jie Zhang,2007,2025,18,932
 Y. Lu,2007,2025,18,932
 H. Vincent Poor,2007,2025,18,927
 Y. Jin,2007,2025,18,926
 Y. Sun,2007,2025,18,923
 Yi Yang,2007,2025,18,918
 S. Eidelman,2007,2025,18,917
 S. Ricciardi,2007,2025,18,914
 Xin Liu,2007,2025,18,912
 Bin Wang,2007,2025,18,912
 Z. Wu,2007,2025,18,908
 H. Zhang,2007,2025,18,906
 A. Bondar,2007,2025,18,904
 Bo Wang,2007,2025,18,898
 G. Li,2007,2025,18,892
 Guang-Can Guo,2007,2025,18,885
 A. Kupsc,2007,2025,18,880
 Jun Li,2007,2025,18,874
 X. Zhu,2007,2025,18,873
 M. Shao,2007,2025,18,872
 Hao Li,2007,2025,18,870
 M. Martinelli,2007,2025,18,867
 X. L. Wang,2007,2025,18,865
 Ming Li,2007,2025,18,864
 Qi Zhang,2007,2025,18,863
 K. Wang,2007,2025,18,861
 S. Chen,2007,2025,18,855
 T. Liu,2007,2025,18,851
 C. Zhang,2007,2025,18,851
 Yu Liu,2007,2025,18,850
 S. Wang,2007,2025,18,847
 J. He,2007,2025,18,844
 X. Y. Zhang,2007,2025,18,843
 M. Zavertyaev,2007,2025,18,831
 Saharon Shelah,2007,2025,18,830
 Jing Wang,2007,2025,18,829
 G. Bencivenni,2007,2025,18,828
 D. Galli,2007,2025,18,825
 M. Artuso,2007,2025,18,825
 G. Zhao,2007,2025,18,821
 L. Yan,2007,2025,18,820
 Y. Pan,2007,2025,18,819
 F. Muheim,2007,2025,18,819
 Jing Zhang,2007,2025,18,819
 G. Chen,2007,2025,18,818
 R. A. Briere,2007,2025,18,814
 M. Frank,2007,2025,18,812
 P. De Simone,2007,2025,18,808
 S. Marcello,2007,2025,18,808
 Franco Nori,2007,2025,18,807
 T. Skwarnicki,2007,2025,18,807
 C. Bozzi,2007,2025,18,804
 T. Gershon,2007,2025,18,804
 Y. Hu,2007,2025,18,801
 P. Campana,2007,2025,18,799
 Yang Gao,2007,2025,18,799
 B. Sciascia,2007,2025,18,799
 T. Lin,2007,2025,18,798
 K. Hennessy,2007,2025,18,795
 R. Mountain,2007,2025,18,795
 L. Shekhtman,2007,2025,18,794
 Chen Chen,2007,2025,18,793
 A. Carbone,2007,2025,18,793
 P. Robbe,2007,2025,18,793
 R. J. Barlow,2007,2025,18,792
 M. Palutan,2007,2025,18,791
 F. Archilli,2007,2025,18,791
 Yan Wang,2007,2025,18,791
 D. Johnson,2007,2025,18,790
 V. Vagnoni,2007,2025,18,788
 U. Uwer,2007,2025,18,788
 Y. H. Zhang,2007,2025,18,787
 Yong Liu,2007,2025,18,786
 M. Veltri,2007,2025,18,785
 U. Egede,2007,2025,18,785
 S. Borghi,2007,2025,18,784
 V. Shevchenko,2007,2025,18,784
 M. Wolke,2007,2025,18,783
 E. Rodrigues,2007,2025,18,783
 J. Albrecht,2007,2025,18,782
 A. Palano,2007,2025,18,781
 B. Pietrzyk,2007,2025,18,780
 M. Kucharczyk,2007,2025,18,780
 S. T'Jampens,2007,2025,18,779
 M. Schmelling,2007,2025,18,779
 E. Jans,2007,2025,18,778
 M. Calvi,2007,2025,18,776
 T. Nakada,2007,2025,18,776
 R. Santacesaria,2007,2025,18,776
 Y. Zeng,2007,2025,18,776
 C. Matteuzzi,2007,2025,18,775
 S. Bachmann,2007,2025,18,775
 F. Teubert,2007,2025,18,775
 A. Golutvin,2007,2025,18,774
 U. Marconi,2007,2025,18,774
 S. Easo,2007,2025,18,774
 P. Perret,2007,2025,18,774
 N. Tuning,2007,2025,18,774
 D. Bettoni,2007,2025,18,773
 B. Adeva,2007,2025,18,773
 N. K. Watson,2007,2025,18,773
 R. Forty,2007,2025,18,772
 I. Belyaev,2007,2025,18,772
 E. van Herwijnen,2007,2025,18,770
 L. Kravchuk,2007,2025,18,769
 J. Closier,2007,2025,18,769
 M. N. Achasov,2007,2025,18,768
 Z. Ajaltouni,2007,2025,18,767
 C. Gaspar,2007,2025,18,767
 M. Gandelman,2007,2025,18,767
 Ph. Charpentier,2007,2025,18,766
 D. Lucchesi,2007,2025,18,763
 X. F. Wang,2007,2025,18,761
 A. Satta,2007,2025,18,760
 S. Jin,2007,2025,18,759
 A. Denig,2007,2025,18,750
 M. Greco,2007,2025,18,744
 T. Johansson,2007,2025,18,743
 B. Zheng,2007,2025,18,743
 Li Zhang,2007,2025,18,743
 Z. Y. Wang,2007,2025,18,742
 T. Hu,2007,2025,18,739
 J. W. Zhang,2007,2025,18,738
 X. Wu,2007,2025,18,736
 Fan Zhang,2007,2025,18,735
 Y. Chen,2007,2025,18,734
 M. Ablikim,2007,2025,18,734
 Yang Wang,2007,2025,18,733
 Tao Wang,2007,2025,18,733
 J. Zhu,2007,2025,18,732
 Yue Wang,2007,2025,18,731
 S. X. Du,2007,2025,18,727
  LHCb collaboration,2007,2025,18,726
 H. X. Yang,2007,2025,18,725
 X. Cai,2007,2025,18,724
 Jian Li,2007,2025,18,723
 K. Peters,2007,2025,18,722
 F. Polci,2007,2025,18,721
 L. Yang,2007,2025,18,720
 Yong Zhang,2007,2025,18,719
 M. Scodeggio,2007,2025,18,717
 G. Felici,2007,2025,18,717
 G. Lanfranchi,2007,2025,18,717
 Li Li,2007,2025,18,713
 M. Fiorini,2007,2025,18,711
 H. Wang,2007,2025,18,710
 Y. Yuan,2007,2025,18,708
 X. H. Mo,2007,2025,18,707
 A. McNab,2007,2025,18,704
 M. Bertani,2007,2025,18,704
 Chao Chen,2007,2025,18,703
 J. L. Zhang,2007,2025,18,703
 A. Sarti,2007,2025,18,702
 Y. Xu,2007,2025,18,702
 Yong Li,2007,2025,18,702
 Peng Zhang,2007,2025,18,700
 Hao Wu,2007,2025,18,699
 H. Y. Zhang,2007,2025,18,698
 Bo Zhang,2007,2025,18,698
 A. Sarantsev,2007,2025,18,696
 A. Oyanguren,2007,2025,18,695
 J. Yu,2007,2025,18,692
 R. Farinelli,2007,2025,18,691
 A. C. Fabian,2007,2025,18,690
 I. Boyko,2007,2025,18,688
 M. L. Chen,2007,2025,18,687
 J. Li,2007,2025,18,687
 P. Wang,2007,2025,18,685
 Q. An,2007,2025,18,684
 F. A. Harris,2007,2025,18,684
 G. Rong,2007,2025,18,682
 Z. G. Zhao,2007,2025,18,681
 G. S. Huang,2007,2025,18,680
 C. D. Fu,2007,2025,18,680
 J. Dong,2007,2025,18,679
 Y. C. Zhu,2007,2025,18,678
 J. Liu,2007,2025,18,677
 Jing Li,2007,2025,18,676
 Z. P. Mao,2007,2025,18,676
 Z. J. Xiao,2007,2025,18,675
 A. Khoukaz,2007,2025,18,675
 Dong Wang,2007,2025,18,672
 H. Gao,2007,2025,18,672
 X. Chen,2007,2025,18,669
 Min Zhang,2007,2025,18,669
 D. Hill,2007,2025,18,668
 S. Stone,2007,2025,18,665
 Kai Wang,2007,2025,18,659
 Jun Liu,2007,2025,18,657
 Z. Zhang,2007,2025,18,656
 J. Hu,2007,2025,18,655
 Y. Q. Wang,2007,2025,18,655
 Bin Chen,2007,2025,18,654
 Gang Chen,2007,2025,18,648
 Y. D. Wang,2007,2025,18,645
 N. Neri,2007,2025,18,643
 M. Rama,2007,2025,18,641
 Z. Li,2007,2025,18,638
 Chi Zhang,2007,2025,18,635
 Jie Chen,2007,2025,18,635
 Yifan Yang,2007,2025,18,634
 V. Prasad,2007,2025,18,632
 Ke Liu,2007,2025,18,632
 J. Walsh,2007,2025,18,625
 S. Das Sarma,2007,2025,18,624
 F. De Mori,2007,2025,18,624
 I. Bediaga,2007,2025,18,623
 J. Zhao,2007,2025,18,620
 M. Xu,2007,2025,18,618
 Li Chen,2007,2025,18,614
 B. Liu,2007,2025,18,613
 H. Lu,2007,2025,18,612
 Fei Wang,2007,2025,18,611
 Tong Zhang,2007,2025,18,608
 Y. Jiang,2007,2025,18,608
 Y. Bai,2007,2025,18,607
 N. Berger,2007,2025,18,607
 A. Bertolin,2007,2025,18,605
 Zhen Wang,2007,2025,18,605
 Zhe Wang,2007,2025,18,605
 Chao Wang,2007,2025,18,600
 Donald P. Schneider,2007,2025,18,597
 L. Li,2007,2025,18,597
 Qi Wang,2007,2025,18,596
 S. Udry,2007,2025,18,593
 Ulf-G. Meißner,2007,2025,18,593
 Yang Chen,2007,2025,18,593
 Kai Chen,2007,2025,18,588
 K. Cho,2007,2025,18,587
 G. Wang,2007,2025,18,586
 A. Sciubba,2007,2025,18,586
 C. Wang,2007,2025,18,586
 Jie Yang,2007,2025,18,586
 G. Liu,2007,2025,18,585
 D. H. Zhang,2007,2025,18,584
 Jie Liu,2007,2025,18,584
 A. Malinin,2007,2025,18,583
 C. J. G. Onderwater,2007,2025,18,583
 Jian Zhang,2007,2025,18,583
 Kai Zhang,2007,2025,18,581
 V. Bocci,2007,2025,18,579
 Y. Ma,2007,2025,18,578
 C. Liu,2007,2025,18,577
 S. Sarkar,2007,2025,18,571
 F. H. Heinsius,2007,2025,18,569
 Y. H. Xie,2007,2025,18,567
 Tao Yang,2007,2025,18,565
 Yan Li,2007,2025,18,565
 F. Ferrari,2007,2025,18,564
 J. Sun,2007,2025,18,560
 Thomas Henning,2007,2025,18,559
 P. Billoir,2007,2025,18,559
 S. Playfer,2007,2025,18,559
 L. Capriotti,2007,2025,18,557
 Bin Li,2007,2025,18,555
 A. Pathak,2007,2025,18,555
 R. Graciani Diaz,2007,2025,18,555
 Jiawei Zhang,2007,2025,18,554
 M. Kramer,2007,2025,18,553
 Yu Chen,2007,2025,18,552
 Xiao Wang,2007,2025,18,552
 K. Tanida,2007,2025,18,550
 E. Tournefier,2007,2025,18,549
 F. Wang,2007,2025,18,548
 Liang Wang,2007,2025,18,545
 Th. Henning,2007,2025,18,543
 P. Zhang,2007,2025,18,542
 A. Mauri,2007,2025,18,541
 L. Liu,2007,2025,18,539
 G. Zamorani,2007,2025,18,537
 Yi Li,2007,2025,18,537
 A. Tsaregorodtsev,2007,2025,18,536
 Xiang Liu,2007,2025,18,536
 Ping Zhang,2007,2025,18,536
 J. Anderson,2007,2025,18,535
 Hui Liu,2007,2025,18,534
 L. Wang,2007,2025,18,532
 Abraham Loeb,2007,2025,18,531
 Yong Wang,2007,2025,18,530
 W. Xu,2007,2025,18,528
 Lars Hernquist,2007,2025,18,527
 Tao Zhang,2007,2025,18,527
 Qiang Zhang,2007,2025,18,527
 C. Dong,2007,2025,18,525
 W. N. Brandt,2007,2025,18,524
 Bo Liu,2007,2025,18,523
 Tao Zhou,2007,2025,18,522
 Shi Jin,2007,2025,18,522
 Wei Wu,2007,2025,18,521
 Chau Yuen,2007,2025,18,520
 Ling Zhao,2007,2025,18,519
 Alexei V. Filippenko,2007,2025,18,518
 Di Wu,2007,2025,18,517
 A. Sergi,2007,2025,18,517
 W. Kucewicz,2007,2025,18,514
 P. G. Kevrekidis,2007,2025,18,514
 L. Yuan,2007,2025,18,514
 Tao Li,2007,2025,18,511
 Jie Wang,2007,2025,18,510
 Li Wang,2007,2025,18,509
 Qian Wang,2007,2025,18,509
 Qiang Li,2007,2025,18,509
 W. M. Liu,2007,2025,18,508
 R. Kumar,2007,2025,18,508
 Jun Zhao,2007,2025,18,505
 Luis C. Ho,2007,2025,18,505
 V. Zhukov,2007,2025,18,503
 Xin Chen,2007,2025,18,501
 K. M. Menten,2007,2025,18,501
 S. Roiser,2007,2025,18,500
 S. Schael,2007,2025,18,499
 Jie Xu,2007,2025,18,498
 Ying Li,2007,2025,18,498
 Daniel Loss,2007,2025,18,498
 J. Lee,2007,2025,18,498
 S. Simone,2007,2025,18,497
 M. De Serio,2007,2025,18,497
 J. van Tilburg,2007,2025,18,497
 E. Oset,2007,2025,18,497
 K. Watanabe,2007,2025,18,492
 Boris A. Malomed,2007,2025,18,492
 Z. Chen,2007,2025,18,492
 T. Kirn,2007,2025,18,490
 R. A. Fini,2007,2025,18,489
 Fei Gao,2007,2025,18,489
 H. Zhou,2007,2025,18,489
 S. Yang,2007,2025,18,489
 G. Yu,2007,2025,18,487
 W. Li,2007,2025,18,487
 T. Wang,2007,2025,18,487
 G. Veneziano,2007,2025,18,486
 R. Miquel,2007,2025,18,485
 Yi Zhou,2007,2025,18,485
 F. M. Peeters,2007,2025,18,484
 K. Trabelsi,2007,2025,18,484
 E. Sanchez,2007,2025,18,479
 H. Park,2007,2025,18,478
 Xiao Zhang,2007,2025,18,478
 Y. Zhou,2007,2025,18,476
 S. Paul,2007,2025,18,476
 S. Li,2007,2025,18,476
 J. J. Zhang,2007,2025,18,475
 A. Udalski,2007,2025,18,474
 S. Kabana,2007,2025,18,473
 David W. Latham,2007,2025,18,472
 Y. P. Huang,2007,2025,18,470
 R. B. Appleby,2007,2025,18,468
 F. Simon,2007,2025,18,468
 Y. Iwasaki,2007,2025,18,468
 N. C. Santos,2007,2025,18,467
 Shao-Ming Fei,2007,2025,18,467
 Chao Li,2007,2025,18,465
 Bing Zhang,2007,2025,18,465
 A. Popov,2007,2025,18,463
 Jian-Wei Pan,2007,2025,18,462
 P. Ciambrone,2007,2025,18,461
 Hong Liu,2007,2025,18,460
 Zhu Han,2007,2025,18,458
 Dong Li,2007,2025,18,458
 Delfim F. M. Torres,2007,2025,18,458
 Shinji Watanabe,2007,2025,18,458
 Yan Liu,2007,2025,18,455
 R. Itoh,2007,2025,18,452
 Jun Zhu,2007,2025,18,451
 Peng Gao,2007,2025,18,451
 S. Ali,2007,2025,18,450
 Daniel Stern,2007,2025,18,450
 Indranil Biswas,2007,2025,18,450
 Ying Zhang,2007,2025,18,450
 M. Uchida,2007,2025,18,450
 Xiao Liu,2007,2025,18,447
 J. Wu,2007,2025,18,446
 Chen Zhang,2007,2025,18,445
 Yonina C. Eldar,2007,2025,18,445
 Jian Liu,2007,2025,18,443
 S. Covino,2007,2025,18,442
 E. Won,2007,2025,18,441
 M. Weber,2007,2025,18,440
 Heng Fan,2007,2025,18,440
 Jun Xu,2007,2025,18,440
 L. N. Pfeiffer,2007,2025,18,439
 A. Chen,2007,2025,18,439
 Joshua N. Winn,2007,2025,18,439
 Hans-Walter Rix,2007,2025,18,437
 Xiang Zhang,2007,2025,18,437
 Petar Popovski,2007,2025,18,436
 Robert Schober,2007,2025,18,436
 H. Wu,2007,2025,18,435
 Ping Li,2007,2025,18,434
 Kai Liu,2007,2025,18,434
 Detlef Lohse,2007,2025,18,434
 M. Nakao,2007,2025,18,433
 R. J. Ivison,2007,2025,18,432
 H. Hayashii,2007,2025,18,432
 R. Mussa,2007,2025,18,432
 Jia Li,2007,2025,18,432
 Feng Wang,2007,2025,18,431
 T. E. Browder,2007,2025,18,431
 Tao Chen,2007,2025,18,430
 H. Xiao,2007,2025,18,429
 I. Adachi,2007,2025,18,429
 W. Rhode,2007,2025,18,428
 J. Xu,2007,2025,18,428
 Gang Wang,2007,2025,18,427
 Yue Yu,2007,2025,18,427
 F. Combes,2007,2025,18,427
 Y. Huang,2007,2025,18,426
 T. Yang,2007,2025,18,426
 Yuan Li,2007,2025,18,425
 Jun Ma,2007,2025,18,425
 Q. Zhao,2007,2025,18,424
 S. Yoshida,2007,2025,18,424
 Zheng Wang,2007,2025,18,424
 G. Auriemma,2007,2025,18,423
 M. Albrecht,2007,2025,18,423
 Lin Chen,2007,2025,18,423
 Yang Zhao,2007,2025,18,422
 Long Chen,2007,2025,18,422
 Anton M. Koekemoer,2007,2025,18,421
 Ralf S. Klessen,2007,2025,18,421
 John Ellis,2007,2025,18,421
 Qiang Liu,2007,2025,18,420
 Hui Wang,2007,2025,18,419
 J. S. Li,2007,2025,18,418
 T. Kawasaki,2007,2025,18,418
 Zhen Zhang,2007,2025,18,417
 Lei Yang,2007,2025,18,416
 Peng Li,2007,2025,18,416
 J. Yuan,2007,2025,18,414
 K. W. West,2007,2025,18,413
 Yang Yu,2007,2025,18,413
 Y. Q. Chen,2007,2025,18,412
 Joseph Silk,2007,2025,18,412
 S. Ponce,2007,2025,18,411
 F. Liu,2007,2025,18,411
 A. Lusiani,2007,2025,18,411
 M. I. Katsnelson,2007,2025,18,411
 Z. Ye,2007,2025,18,411
 E. Bernardini,2007,2025,18,410
 R. Baldini Ferroli,2007,2025,18,410
 J. Smith,2007,2025,18,410
 W. J. Zheng,2007,2025,18,409
 Michael I. Jordan,2007,2025,18,409
 M. Wilkinson,2007,2025,18,408
 Y. Choi,2007,2025,18,408
 C. Wu,2007,2025,18,408
 D. Müller,2007,2025,18,407
 Jun Chen,2007,2025,18,407
 M. -H. Schune,2007,2025,18,406
 Qi Li,2007,2025,18,405
 K. Abe,2007,2025,18,405
 J. Kim,2007,2025,18,405
 P. C. Canfield,2007,2025,18,404
 Volker Springel,2007,2025,18,404
 H. Yamamoto,2007,2025,18,402
 T. Xiang,2007,2025,18,401
 K. Kinoshita,2007,2025,18,401
 Maciej Lewenstein,2007,2025,18,400
 Wei Sun,2007,2025,18,400
  .,2007,2025,18,399
 Joop Schaye,2007,2025,18,399
 Hao Xu,2007,2025,18,399
 A. Sokolov,2007,2025,18,399
 S. Stoica,2007,2025,18,398
 R. Wang,2007,2025,18,398
 R. Mizuk,2007,2025,18,397
 Fan Wang,2007,2025,18,396
 X. Zhang,2007,2025,18,396
 K. Miyabayashi,2007,2025,18,394
 Tao Liu,2007,2025,18,394
 X. Bai,2007,2025,18,393
 Bing Li,2007,2025,18,392
 R. Engel,2007,2025,18,392
 V. V. Flambaum,2007,2025,18,391
 J. M. Conrad,2007,2025,18,390
 D. Queloz,2007,2025,18,389
 Qing Wang,2007,2025,18,388
 Xiao Li,2007,2025,18,388
 R. Rebolo,2007,2025,18,388
 M. H. Schune,2007,2025,18,387
 Ying Wang,2007,2025,18,387
 Angel Rubio,2007,2025,18,387
 Y. Zhao,2007,2025,18,387
 Y. G. Ma,2007,2025,18,384
 D. Scott,2007,2025,18,384
 R. Genzel,2007,2025,18,384
 Claudia Felser,2007,2025,18,383
 Wei Lu,2007,2025,18,383
 Jin Wang,2007,2025,18,383
 H. Y. Xu,2007,2025,18,382
 X. Jiang,2007,2025,18,382
 G. Varner,2007,2025,18,381
 Subir Sachdev,2007,2025,18,381
 Y. Shimizu,2007,2025,18,380
 X. Huang,2007,2025,18,380
 W. H. Wang,2007,2025,18,379
 Peng Xu,2007,2025,18,379
 T. Bulik,2007,2025,18,379
 Wei Jiang,2007,2025,18,379
 Z. J. Chen,2007,2025,18,378
 Lin Zhang,2007,2025,18,378
 C. Zhong,2007,2025,18,378
 Ying Chen,2007,2025,18,378
 L. Zhou,2007,2025,18,378
 A. Lebedev,2007,2025,18,377
 X. M. Zhang,2007,2025,18,377
 Xu Zhang,2007,2025,18,375
 Jia Liu,2007,2025,18,375
 J. Wilms,2007,2025,18,374
 Jie Ren,2007,2025,18,374
 Liang Zhao,2007,2025,18,374
 S. Campana,2007,2025,18,374
 Yuan Gao,2007,2025,18,372
 S. R. Kulkarni,2007,2025,18,371
 R. Poling,2007,2025,18,371
 M. Iwasaki,2007,2025,18,370
 P. A. R. Ade,2007,2025,18,370
 B. M. Gaensler,2007,2025,18,370
 T. Hara,2007,2025,18,370
 A. Valassi,2007,2025,18,370
 A. Kumar,2007,2025,18,369
 Fabian Walter,2007,2025,18,369
 L. Zhu,2007,2025,18,369
 Wei Huang,2007,2025,18,368
 S. Liu,2007,2025,18,368
 C. H. Wang,2007,2025,18,368
 Nan Li,2007,2025,18,368
 Satya N. Majumdar,2007,2025,18,367
 M. Wolf,2007,2025,18,366
 Xin Zhou,2007,2025,18,366
 Martin White,2007,2025,18,366
 Jun Yang,2007,2025,18,366
 Y. Luo,2007,2025,18,366
 M. Szymanski,2007,2025,18,365
 S. Das,2007,2025,18,365
 Giuseppe Caire,2007,2025,18,365
 Salvatore Capozziello,2007,2025,18,365
 M. Meissner,2007,2025,18,364
 Lu Wang,2007,2025,18,363
 Xiaoyu Li,2007,2025,18,363
 M. Takizawa,2007,2025,18,363
 C. Kim,2007,2025,18,363
 Wei Zhou,2007,2025,18,362
 Tao Xiang,2007,2025,18,362
 Jin Li,2007,2025,18,362
 J. Park,2007,2025,18,362
 T. Taniguchi,2007,2025,18,361
 Lin Li,2007,2025,18,361
 Chao Liu,2007,2025,18,361
 D. Cinabro,2007,2025,18,360
 Yue Wu,2007,2025,18,360
 S. H. Kim,2007,2025,18,360
 A. Morozov,2007,2025,18,359
 Ping Luo,2007,2025,18,358
 M. Sumihama,2007,2025,18,358
 S. H. Lee,2007,2025,18,358
 Lei Liu,2007,2025,18,357
 Y. Watanabe,2007,2025,18,357
 Yu Zhou,2007,2025,18,357
 Jian Wu,2007,2025,18,356
 R. Maiolino,2007,2025,18,356
 Tat-Seng Chua,2007,2025,18,355
 C. Vignali,2007,2025,18,355
 G. Lagache,2007,2025,18,354
 M. Roth,2007,2025,18,354
 Bin Yang,2007,2025,18,354
 R. A. Gruendl,2007,2025,18,354
 Yao Wang,2007,2025,18,353
 Yuan Zhang,2007,2025,18,353
 A. W. Thomas,2007,2025,18,352
 Di Li,2007,2025,18,352
 Rong-Gen Cai,2007,2025,18,351
 Muneto Nitta,2007,2025,18,351
 S. Zhou,2007,2025,18,350
 M. Sharif,2007,2025,18,350
 Timothy C. Beers,2007,2025,18,349
 Jian Tang,2007,2025,18,348
 S. Aoki,2007,2025,18,348
 A. Quirrenbach,2007,2025,18,348
 A. Santangelo,2007,2025,18,347
 Ke Xu,2007,2025,18,347
 Ming Zhang,2007,2025,18,347
 J. Panman,2007,2025,18,347
 Kai Sun,2007,2025,18,347
 Song Wang,2007,2025,18,346
 Eliot Quataert,2007,2025,18,345
 Huan Yang,2007,2025,18,344
  CDF Collaboration,2007,2025,18,344
 Yuri S. Kivshar,2007,2025,18,343
 Y. Onuki,2007,2025,18,343
 Motohide Tamura,2007,2025,18,343
 R. J. Cava,2007,2025,18,343
 P. Pakhlov,2007,2025,18,342
 Sara Seager,2007,2025,18,342
 F. Tavecchio,2007,2025,18,342
 Shing-Tung Yau,2007,2025,18,341
 Joss Bland-Hawthorn,2007,2025,18,341
 T. Matsuda,2007,2025,18,341
 A. Cimatti,2007,2025,18,341
 Y. Yao,2007,2025,18,341
 C. W. Wang,2007,2025,18,341
 Wen Chen,2007,2025,18,340
 L. N. da Costa,2007,2025,18,340
 B. Zhang,2007,2025,18,340
 Z. L. Wang,2007,2025,18,340
 Wei Hu,2007,2025,18,339
 F. Halzen,2007,2025,18,339
 Y. Song,2007,2025,18,338
 B. W. Stappers,2007,2025,18,338
 M. Masuda,2007,2025,18,338
 L. Zhao,2007,2025,18,338
 Eugene Demler,2007,2025,18,338
 Y. Tokura,2007,2025,18,337
 F. Fiore,2007,2025,18,337
 R. Beck,2007,2025,18,337
 F. Bouchy,2007,2025,18,337
 Bo Chen,2007,2025,18,337
 V. Singh,2007,2025,18,337
 Yong Chen,2007,2025,18,337
 Tong Liu,2007,2025,18,337
 G. Piotto,2007,2025,18,336
 B. Shwartz,2007,2025,18,336
 Kai Xu,2007,2025,18,335
 L. Ma,2007,2025,18,334
 Robert B. Mann,2007,2025,18,333
 T. Nakamura,2007,2025,18,333
 S. Mereghetti,2007,2025,18,333
 M. Tanaka,2007,2025,18,332
 Li Liu,2007,2025,18,332
 A. Gupta,2007,2025,18,332
 T. Sumiyoshi,2007,2025,18,331
 E. Solano,2007,2025,18,331
 A. Haungs,2007,2025,18,331
 D. Wang,2007,2025,18,331
 A. Petrov,2007,2025,18,331
 Michael Ruzhansky,2007,2025,18,330
 Yi Xu,2007,2025,18,330
 P. Caselli,2007,2025,18,330
 Tianjun Li,2007,2025,18,329
 J. A. Caballero,2007,2025,18,329
 Jian Zhou,2007,2025,18,329
 F. Longo,2007,2025,18,329
 G. Brunetti,2007,2025,18,329
 Ming Yang,2007,2025,18,329
 Hong Guo,2007,2025,18,328
 Feng Yuan,2007,2025,18,328
 D. J. James,2007,2025,18,328
 J. Chen,2007,2025,18,328
 Wei Zhao,2007,2025,18,327
 T. Sato,2007,2025,18,326
 E. F. van Dishoeck,2007,2025,18,326
 J. Yang,2007,2025,18,326
 J. Frieman,2007,2025,18,326
 J. Huang,2007,2025,18,326
 Yan Chen,2007,2025,18,324
 Mihaela van der Schaar,2007,2025,18,324
 J. Jalocha,2007,2025,18,324
 Terence Tao,2007,2025,18,323
 Ping Wang,2007,2025,18,323
 Steve B. Howell,2007,2025,18,323
 H. Q. Zhang,2007,2025,18,322
 Shin'ichi Nojiri,2007,2025,18,322
 Q. Xu,2007,2025,18,322
 Chuan-Feng Li,2007,2025,18,322
 Roberto Maiolino,2007,2025,18,322
 Daniel J. Eisenstein,2007,2025,18,322
 T. Schmidt,2007,2025,18,322
 X. D. Zhang,2007,2025,18,322
 Y. Sato,2007,2025,18,320
 Stephen R. Kane,2007,2025,18,320
 O. Lahav,2007,2025,18,319
 Kun Yang,2007,2025,18,319
 Jin Zhang,2007,2025,18,319
 M. Kowalski,2007,2025,18,319
 Naoto Nagaosa,2007,2025,18,318
 Ian Smail,2007,2025,18,318
 N. H. Brook,2007,2025,18,318
 T. Yoshida,2007,2025,18,318
 Keith A. Olive,2007,2025,18,317
 K. Smith,2007,2025,18,317
 P. Rosati,2007,2025,18,317
 T. Montaruli,2007,2025,18,317
 G. Micela,2007,2025,18,316
 J. Bland-Hawthorn,2007,2025,18,316
 L. A. Antonelli,2007,2025,18,316
 S. Bardelli,2007,2025,18,316
 Antoni Szczurek,2007,2025,18,316
 T. Saito,2007,2025,18,315
 X. J. Wang,2007,2025,18,314
 Douglas Scott,2007,2025,18,314
 T. Takahashi,2007,2025,18,314
 S. R. Klein,2007,2025,18,314
 V. I. Yukalov,2007,2025,18,313
 P. J. Marshall,2007,2025,18,313
 Daniel Huber,2007,2025,18,313
 O. Ilbert,2007,2025,18,313
 H. Xu,2007,2025,18,313
 T. R. Marsh,2007,2025,18,312
 Merouane Debbah,2007,2025,18,311
 Li Yang,2007,2025,18,311
 D. Lutz,2007,2025,18,311
 S. Jia,2007,2025,18,311
 Shu Zhang,2007,2025,18,311
 P. Li,2007,2025,18,310
 Yu Gao,2007,2025,18,310
 D. Minniti,2007,2025,18,309
 D. L. Clements,2007,2025,18,309
 A. Renzini,2007,2025,18,308
 Y. Fan,2007,2025,18,308
 Jun He,2007,2025,18,308
 Xiaofeng Wang,2007,2025,18,308
 H. Chen,2007,2025,18,308
 Xiaodong Xu,2007,2025,18,308
 Tommaso Treu,2007,2025,18,307
 S. Sato,2007,2025,18,306
 Dong Liu,2007,2025,18,306
 Qiang Wang,2007,2025,18,305
 B. Keimer,2007,2025,18,305
 C. Henkel,2007,2025,18,305
 Sergei D. Odintsov,2007,2025,18,305
 D. Seckel,2007,2025,18,305
 A. H. MacDonald,2007,2025,18,305
 L. Wen,2007,2025,18,305
 J. Cernicharo,2007,2025,18,304
 D. Thomas,2007,2025,18,304
 I. Ribas,2007,2025,18,304
 D. Stern,2007,2025,18,304
 K. Nakamura,2007,2025,18,304
 M. Salvato,2007,2025,18,303
 H. J. Kim,2007,2025,18,303
 A. Collier Cameron,2007,2025,18,303
 E. Bertin,2007,2025,18,302
 Jeroen van den Brink,2007,2025,18,302
 B. Garilli,2007,2025,18,302
 S. Johnston,2007,2025,18,302
 S. K. Solanki,2007,2025,18,302
 J. McCarthy,2007,2025,18,302
 S. Chattopadhyay,2007,2025,18,302
 L. Douglas,2007,2025,18,302
 Rosario Fazio,2007,2025,18,302
 Osvaldo Simeone,2007,2025,18,301
 G. Polenta,2007,2025,18,301
 Wei Zhu,2007,2025,18,301
 M. Gillon,2007,2025,18,301
 R. Ayad,2007,2025,18,300
 Lei Zhu,2007,2025,18,300
 Geraint F. Lewis,2007,2025,18,300
 Yuan Yao,2007,2025,18,300
 J. H. Kim,2007,2025,18,299
  Belle Collaboration,2007,2025,18,299
 T. Schmelzer,2007,2025,18,299
 Tao Han,2007,2025,18,299
 Karl Jansen,2007,2025,18,299
 Y. Suzuki,2007,2025,18,299
 C. S. Kochanek,2007,2025,18,299
 Shi-Lin Zhu,2007,2025,18,298
 G. Russo,2007,2025,18,298
 Masamune Oguri,2007,2025,18,298
 J. W. F. Valle,2007,2025,18,298
 S. Kumar,2007,2025,18,298
 F. Giordano,2007,2025,18,297
 Hong Zhang,2007,2025,18,297
 Nicolas Gisin,2007,2025,18,297
 A. Fontana,2007,2025,18,297
 A. Lazarian,2007,2025,18,297
 S. L. Bud'ko,2007,2025,18,297
 Nathan Smith,2007,2025,18,296
 Y. H. Wang,2007,2025,18,296
 A. M. Koekemoer,2007,2025,18,296
 S. BenZvi,2007,2025,18,296
 X. Q. Li,2007,2025,18,296
 C. Burigana,2007,2025,18,296
 Tsvi Piran,2007,2025,18,296
 Liang Jiang,2007,2025,18,296
 S. Bose,2007,2025,18,295
 Yuan Wang,2007,2025,18,295
 Y. J. Kim,2007,2025,18,295
 A. Chernov,2007,2025,18,294
 Z. B. Li,2007,2025,18,294
 J. P. U. Fynbo,2007,2025,18,294
 S. Heinemeyer,2007,2025,18,294
 K. Yamamoto,2007,2025,18,294
 P. Chen,2007,2025,18,293
 G. Bonvicini,2007,2025,18,293
 C. Reichhardt,2007,2025,18,293
 A. Comastri,2007,2025,18,293
 Y. Matsuda,2007,2025,18,293
 Yue Liu,2007,2025,18,293
 E. Zucca,2007,2025,18,292
 Christopher J. Conselice,2007,2025,18,292
 X. C. Xie,2007,2025,18,292
 Shlomo Havlin,2007,2025,18,292
 C. N. Pope,2007,2025,18,292
 Yu-Xiao Liu,2007,2025,18,292
 Y. Niu,2007,2025,18,292
 Yun Wang,2007,2025,18,292
 Shuo Yang,2007,2025,18,292
 Keisuke Fujii,2007,2025,18,291
 S. Mathur,2007,2025,18,291
 Benny Sudakov,2007,2025,18,291
 Yu Tian,2007,2025,18,291
 H. Falcke,2007,2025,18,291
 C. Baccigalupi,2007,2025,18,291
 Zhaoyang Zhang,2007,2025,18,291
 F. Zhang,2007,2025,18,291
 Y. Kato,2007,2025,18,290
 L. Testi,2007,2025,18,289
 S. Pardi,2007,2025,18,289
 Tao Yu,2007,2025,18,289
 Jian Chen,2007,2025,18,289
 Shuguang Cui,2007,2025,18,288
 Tao Jiang,2007,2025,18,288
 K. Tollefson,2007,2025,18,288
 T. Suzuki,2007,2025,18,288
 C. Yang,2007,2025,18,288
 G. Schierholz,2007,2025,18,287
 J. Sollerman,2007,2025,18,287
 V. Paolone,2007,2025,18,287
 Mikhail D. Lukin,2007,2025,18,287
 J. Hjorth,2007,2025,18,287
 Vittorio Giovannetti,2007,2025,18,286
 V. Müller,2007,2025,18,286
 Q. Zhang,2007,2025,18,286
 J. Ignacio Cirac,2007,2025,18,286
 E. Gaztanaga,2007,2025,18,285
 Michael A. Strauss,2007,2025,18,285
 J. Greiner,2007,2025,18,285
 Bo-Qiang Ma,2007,2025,18,285
 Andrew Gould,2007,2025,18,285
 A. Taranenko,2007,2025,18,285
 K. Sun,2007,2025,18,284
 A. Sozzetti,2007,2025,18,284
 P. Kumar,2007,2025,18,284
 M. S. Kim,2007,2025,18,283
 P. L. Krapivsky,2007,2025,18,283
 T. Kobayashi,2007,2025,18,283
 D. Ryckbosch,2007,2025,18,283
 Yan Xu,2007,2025,18,283
 Y. Takeuchi,2007,2025,18,283
 V. Rodin,2007,2025,18,282
 R. Michael Rich,2007,2025,18,282
 Jiliang Jing,2007,2025,18,282
 Hartmut Löwen,2007,2025,18,282
 S. Lee,2007,2025,18,281
 D. Bazeia,2007,2025,18,281
 H. Aussel,2007,2025,18,281
 Feng Chen,2007,2025,18,281
 Misao Sasaki,2007,2025,18,281
 Bing Wang,2007,2025,18,281
 M. Kuemmel,2007,2025,18,281
 C. W. J. Beenakker,2007,2025,18,281
 S. Yamada,2007,2025,18,281
 Tao Huang,2007,2025,18,281
 P. Fosalba,2007,2025,18,280
 A. Amato,2007,2025,18,280
 Vlatko Vedral,2007,2025,18,280
 S. Fegan,2007,2025,18,280
 Lorenzo Iorio,2007,2025,18,280
 Masahito Hayashi,2007,2025,18,280
 I. Taboada,2007,2025,18,279
 Zhenyu Zhang,2007,2025,18,279
 K. Ulaczyk,2007,2025,18,279
 G. E. Volovik,2007,2025,18,279
 C. P. Sun,2007,2025,18,279
 Giorgio Parisi,2007,2025,18,279
 V. Volkov,2007,2025,18,279
 Nobuchika Okada,2007,2025,18,278
 Tatsuo Kobayashi,2007,2025,18,278
 F. Jiang,2007,2025,18,278
 M. Ackermann,2007,2025,18,278
 J. D. Thompson,2007,2025,18,278
 Shinji Mukohyama,2007,2025,18,278
 Ying Liu,2007,2025,18,278
 Masahito Ueda,2007,2025,18,278
 Lei Shi,2007,2025,18,277
 J. L. Marshall,2007,2025,18,277
 A. Nandi,2007,2025,18,277
 A. Vecchio,2007,2025,18,277
 Bo Zhao,2007,2025,18,277
 M. Castellano,2007,2025,18,276
 Ewine F. van Dishoeck,2007,2025,18,276
 Marc Kamionkowski,2007,2025,18,276
 M. J. Hardcastle,2007,2025,18,276
 P. Szczypka,2007,2025,18,275
 David Charbonneau,2007,2025,18,275
 Philipp Werner,2007,2025,18,275
 X. R. Wang,2007,2025,18,275
 Cosimo Bambi,2007,2025,18,274
 A. Possenti,2007,2025,18,274
 X. Qian,2007,2025,18,274
 V. Mangano,2007,2025,18,274
 C. J. A. P. Martins,2007,2025,18,274
 Jun Hu,2007,2025,18,274
 X. Q. Yan,2007,2025,18,273
 V. Chekelian,2007,2025,18,273
 Maarten de Rijke,2007,2025,18,273
 M. Frailis,2007,2025,18,273
 S. Bianchi,2007,2025,18,273
 M. Finger,2007,2025,18,273
 Matteo G. A. Paris,2007,2025,18,273
 Bin Zhang,2007,2025,18,273
 Fei Liu,2007,2025,18,272
 Rachel S. Somerville,2007,2025,18,272
 Eva Schinnerer,2007,2025,18,272
 K. Suzuki,2007,2025,18,272
 Sennur Ulukus,2007,2025,18,272
 Taekyun Kim,2007,2025,18,272
 B. Andrei Bernevig,2007,2025,18,272
 P. Branchini,2007,2025,18,272
 H. Ruiz,2007,2025,18,272
 David H. Weinberg,2007,2025,18,272
 Pengcheng Dai,2007,2025,18,271
 C. Liang,2007,2025,18,271
 Jun Yan,2007,2025,18,271
 F. Finelli,2007,2025,18,271
 J. J. Bock,2007,2025,18,271
 D. Vergani,2007,2025,18,271
 Ming Gong,2007,2025,18,270
 X. Tang,2007,2025,18,270
 Karl Glazebrook,2007,2025,18,270
 Yaroslav V. Kartashov,2007,2025,18,270
 A. V. Filippenko,2007,2025,18,270
 Jiangping Hu,2007,2025,18,270
 Yuval Peres,2007,2025,18,270
 Anupam Mazumdar,2007,2025,18,269
 Peng Cheng,2007,2025,18,269
 A. J. Banday,2007,2025,18,269
 D. Pollacco,2007,2025,18,269
 F. J. Castander,2007,2025,18,269
 D. Berley,2007,2025,18,269
 Sergei V. Kalinin,2007,2025,18,269
 Hong Li,2007,2025,18,269
 S. Desidera,2007,2025,18,269
